d_bias_x1e3,d_mae_x1e3,d_rmse_x1e3,k_bias,k_mae,k_rmse,method,seed,test_noise,train_noise
-0.02058018557727337,0.09364017844200134,0.14958782494068146,-0.6246889233589172,0.6246889233589172,0.6546034812927246,mono_adc_as_d,42,0.01,none
0.028480326756834984,0.1512354165315628,0.23254865407943726,-0.511450469493866,0.5186060667037964,0.5707260370254517,poly_dki_fit,42,0.01,none
-0.00029178583645261824,0.032427091151475906,0.044497035443782806,0.0013073125155642629,0.056955736130476,0.07211177796125412,supervised_mlp,42,0.01,0.01
0.007517910096794367,0.03245057538151741,0.04494420811533928,-0.5801449418067932,0.5801449418067932,0.6080963015556335,pinn_log_no_gt,42,0.01,0.01
0.009372050873935223,0.03448730334639549,0.0483739860355854,-0.5754483342170715,0.5754483342170715,0.6045482158660889,pinn_log_rician_no_gt,42,0.01,0.01
0.010994385927915573,0.03196015954017639,0.043184664100408554,-0.5205382108688354,0.5205382108688354,0.5438264012336731,semi_supervised_mlp,42,0.01,0.01
-0.01874074712395668,0.045248985290527344,0.07629076391458511,-0.6082055568695068,0.6082055568695068,0.6388599872589111,pinn_log_predict_s0,42,0.01,0.01
0.018244728446006775,0.06028438359498978,0.08040253818035126,-0.5456341505050659,0.5456341505050659,0.5711981058120728,pinn_log_rician_predict_s0,42,0.01,0.01
-0.00580183370038867,0.05287797003984451,0.07143237441778183,0.0012152103008702397,0.052353113889694214,0.06774865090847015,cnn_supervised,42,0.01,0.01
0.1971323937177658,0.42831000685691833,0.5023341178894043,0.047731466591358185,0.15997949242591858,0.20195318758487701,cnn_pinn_log,42,0.01,0.01
0.019579794257879257,0.0365910567343235,0.048390984535217285,-0.007245203480124474,0.05630169063806534,0.0715169757604599,supervised_mlp,42,0.01,0.03
0.11530949175357819,0.13018424808979034,0.14428453147411346,-0.36218464374542236,0.3639586865901947,0.3972080945968628,pinn_log_no_gt,42,0.01,0.03
0.11616387218236923,0.13166460394859314,0.1458560675382614,-0.3607231080532074,0.362267404794693,0.39502188563346863,pinn_log_rician_no_gt,42,0.01,0.03
0.05521603673696518,0.06509454548358917,0.07654275000095367,-0.3332807421684265,0.3345866799354553,0.36316367983818054,semi_supervised_mlp,42,0.01,0.03
-0.03674645721912384,0.11808491498231888,0.17608219385147095,-0.48986127972602844,0.49023109674453735,0.5304835438728333,pinn_log_predict_s0,42,0.01,0.03
0.02781716361641884,0.14552567899227142,0.17956452071666718,-0.45127034187316895,0.4518603980541229,0.48995107412338257,pinn_log_rician_predict_s0,42,0.01,0.03
0.02161635458469391,0.05980885401368141,0.07969716936349869,-0.004821494687348604,0.05371163412928581,0.0690823420882225,cnn_supervised,42,0.01,0.03
0.34813958406448364,0.3700595498085022,0.40193384885787964,-0.1295338124036789,0.14366397261619568,0.1654767394065857,cnn_pinn_log,42,0.01,0.03
0.041920777410268784,0.052621807903051376,0.06240667402744293,-0.015648556873202324,0.057985853403806686,0.07355916500091553,supervised_mlp,42,0.01,0.05
0.046897757798433304,0.12287531048059464,0.14806444942951202,-0.36305707693099976,0.3654457926750183,0.4023192524909973,pinn_log_no_gt,42,0.01,0.05
0.07646026462316513,0.1371992528438568,0.1567414104938507,-0.3640729486942291,0.36826327443122864,0.4099424481391907,pinn_log_rician_no_gt,42,0.01,0.05
0.1038970947265625,0.11439544707536697,0.12389251589775085,-0.18491873145103455,0.1907772719860077,0.21323075890541077,semi_supervised_mlp,42,0.01,0.05
-0.038361240178346634,0.14756809175014496,0.20542410016059875,-0.3717934489250183,0.3757668137550354,0.4192849099636078,pinn_log_predict_s0,42,0.01,0.05
0.060942523181438446,0.1627422571182251,0.18893902003765106,-0.2739739716053009,0.28494420647621155,0.32374611496925354,pinn_log_rician_predict_s0,42,0.01,0.05
0.07393735647201538,0.09610220044851303,0.11923721432685852,-0.020167315378785133,0.05773327127099037,0.07307205349206924,cnn_supervised,42,0.01,0.05
0.3546047508716583,0.3913693428039551,0.4263478219509125,-0.11688956618309021,0.1306208372116089,0.15299442410469055,cnn_pinn_log,42,0.01,0.05
0.10036985576152802,0.1101609542965889,0.11720260977745056,-0.03709384426474571,0.06760483980178833,0.0851047933101654,supervised_mlp,42,0.01,0.08
0.18529680371284485,0.21832440793514252,0.233824223279953,-0.11690625548362732,0.1541052758693695,0.180327907204628,pinn_log_no_gt,42,0.01,0.08
0.1421392560005188,0.19932396709918976,0.21688683331012726,-0.15647678077220917,0.19811154901981354,0.23177996277809143,pinn_log_rician_no_gt,42,0.01,0.08
0.1717388927936554,0.18239478766918182,0.1926874816417694,-0.11534827947616577,0.13780170679092407,0.1599934697151184,semi_supervised_mlp,42,0.01,0.08
0.04148079827427864,0.18765737116336823,0.224506214261055,-0.09298809617757797,0.16778969764709473,0.19928155839443207,pinn_log_predict_s0,42,0.01,0.08
0.09349627792835236,0.19968652725219727,0.22546230256557465,-0.09221991151571274,0.1522984355688095,0.1802450567483902,pinn_log_rician_predict_s0,42,0.01,0.08
0.1716689169406891,0.17535948753356934,0.2001737505197525,-0.031044606119394302,0.06193193048238754,0.07822644710540771,cnn_supervised,42,0.01,0.08
0.4228866696357727,0.4622686207294464,0.5141279697418213,-0.005990659352391958,0.06882220506668091,0.08674720674753189,cnn_pinn_log,42,0.01,0.08
-0.11849592626094818,0.2241927981376648,0.31983682513237,-0.624094545841217,0.624094545841217,0.6535079479217529,mono_adc_as_d,42,0.03,none
0.12861131131649017,0.330356240272522,0.4406013786792755,-0.3604136109352112,0.4067467749118805,0.4923911690711975,poly_dki_fit,42,0.03,none
-0.015884991735219955,0.08023670315742493,0.10407737642526627,0.006534995976835489,0.06482665985822678,0.0813446193933487,supervised_mlp,42,0.03,0.01
-0.026503602042794228,0.08341868221759796,0.11228755116462708,-0.5786839723587036,0.5786839723587036,0.6065396070480347,pinn_log_no_gt,42,0.03,0.01
-0.02299492247402668,0.08294999599456787,0.11169039458036423,-0.5735032558441162,0.5735032558441162,0.6025255918502808,pinn_log_rician_no_gt,42,0.03,0.01
-0.011381186544895172,0.07749100774526596,0.1019803062081337,-0.5184946060180664,0.518494725227356,0.5422512292861938,semi_supervised_mlp,42,0.03,0.01
-0.046143632382154465,0.09427460283041,0.13322046399116516,-0.6074486374855042,0.6074486374855042,0.6376422643661499,pinn_log_predict_s0,42,0.03,0.01
0.004326437599956989,0.09156476706266403,0.12224610149860382,-0.5439838171005249,0.5439838171005249,0.5697232484817505,pinn_log_rician_predict_s0,42,0.03,0.01
-0.04088839888572693,0.0685911774635315,0.09095823764801025,0.014711541123688221,0.05619635060429573,0.07100044190883636,cnn_supervised,42,0.03,0.01
0.19687899947166443,0.42259544134140015,0.4976363778114319,0.04643872380256653,0.15147054195404053,0.19380757212638855,cnn_pinn_log,42,0.03,0.01
-0.0012390842894092202,0.07739467173814774,0.10123054683208466,-0.0001702057634247467,0.0634065791964531,0.07962065190076828,supervised_mlp,42,0.03,0.03
0.08404111117124557,0.1285678744316101,0.15752096474170685,-0.3581128716468811,0.3615017235279083,0.3944200277328491,pinn_log_no_gt,42,0.03,0.03
0.08423909544944763,0.12985873222351074,0.159494549036026,-0.35620006918907166,0.3593042194843292,0.3919181227684021,pinn_log_rician_no_gt,42,0.03,0.03
0.02738235704600811,0.0858161672949791,0.11136980354785919,-0.32798776030540466,0.3307628035545349,0.35973623394966125,semi_supervised_mlp,42,0.03,0.03
-0.05019050091505051,0.13418152928352356,0.20147809386253357,-0.4890267848968506,0.4896728992462158,0.5290209650993347,pinn_log_predict_s0,42,0.03,0.03
0.016136910766363144,0.15154467523097992,0.19944362342357635,-0.4501097500324249,0.45116540789604187,0.4884801506996155,pinn_log_rician_predict_s0,42,0.03,0.03
0.001490651979111135,0.06108887493610382,0.08100660890340805,0.0007998831570148468,0.05398065969347954,0.06928189098834991,cnn_supervised,42,0.03,0.03
0.3320416510105133,0.36044856905937195,0.39223209023475647,-0.11846838891506195,0.1343226134777069,0.15648366510868073,cnn_pinn_log,42,0.03,0.03
0.02163585275411606,0.08084575086832047,0.10454240441322327,-0.009013382717967033,0.06425333023071289,0.08075199276208878,supervised_mlp,42,0.03,0.05
0.031065810471773148,0.1325685679912567,0.17229312658309937,-0.3610348105430603,0.365006685256958,0.4005851149559021,pinn_log_no_gt,42,0.03,0.05
0.05451612174510956,0.14304442703723907,0.1773657202720642,-0.3619312047958374,0.36844000220298767,0.4080080986022949,pinn_log_rician_no_gt,42,0.03,0.05
0.07776359468698502,0.11476337164640427,0.14079128205776215,-0.17642836272716522,0.18694862723350525,0.20986080169677734,semi_supervised_mlp,42,0.03,0.05
-0.05001363903284073,0.1562548130750656,0.22567647695541382,-0.3705473244190216,0.3765270411968231,0.41763460636138916,pinn_log_predict_s0,42,0.03,0.05
0.04888150840997696,0.16682696342468262,0.20598793029785156,-0.27170807123184204,0.28591132164001465,0.3220072388648987,pinn_log_rician_predict_s0,42,0.03,0.05
0.05190547928214073,0.08137253671884537,0.10237745195627213,-0.012836112640798092,0.05571720749139786,0.07103864848613739,cnn_supervised,42,0.03,0.05
0.3394300043582916,0.383725643157959,0.41707196831703186,-0.10514730215072632,0.12290009111166,0.14506366848945618,cnn_pinn_log,42,0.03,0.05
0.08330406248569489,0.11535638570785522,0.13727234303951263,-0.031764015555381775,0.07177040725946426,0.08996956050395966,supervised_mlp,42,0.03,0.08
0.17081807553768158,0.21812260150909424,0.24168826639652252,-0.11335135251283646,0.15458475053310394,0.18035344779491425,pinn_log_no_gt,42,0.03,0.08
0.1263856589794159,0.20038269460201263,0.2277056872844696,-0.1541564166545868,0.19853180646896362,0.23064720630645752,pinn_log_rician_no_gt,42,0.03,0.08
0.14867644011974335,0.17454031109809875,0.19791491329669952,-0.10399826616048813,0.13624222576618195,0.15941955149173737,semi_supervised_mlp,42,0.03,0.08
0.027713077142834663,0.1908385008573532,0.24090565741062164,-0.09040271490812302,0.16702039539813995,0.1986922025680542,pinn_log_predict_s0,42,0.03,0.08
0.08098812401294708,0.20237693190574646,0.23865289986133575,-0.08936582505702972,0.15225103497505188,0.18040786683559418,pinn_log_rician_predict_s0,42,0.03,0.08
0.15011869370937347,0.15645648539066315,0.1799067258834839,-0.027615470811724663,0.06061914563179016,0.07670845091342926,cnn_supervised,42,0.03,0.08
0.41712796688079834,0.4616754353046417,0.5096526741981506,-0.0018184967339038849,0.06931013613939285,0.08729137480258942,cnn_pinn_log,42,0.03,0.08
-0.20930157601833344,0.3089909553527832,0.41524770855903625,-0.6358084678649902,0.6358084678649902,0.662741482257843,mono_adc_as_d,42,0.05,none
0.20391464233398438,0.4330868124961853,0.5592343807220459,-0.26844295859336853,0.35554394125938416,0.45685669779777527,poly_dki_fit,42,0.05,none
-0.034980062395334244,0.12740547955036163,0.1636514812707901,0.012618845328688622,0.07564893364906311,0.09473975002765656,supervised_mlp,42,0.05,0.01
-0.07173293083906174,0.13578732311725616,0.1793559044599533,-0.5871326327323914,0.5871326327323914,0.6124675273895264,pinn_log_no_gt,42,0.05,0.01
-0.06642527133226395,0.133387953042984,0.1756615787744522,-0.5819042325019836,0.5819042325019836,0.6085776090621948,pinn_log_rician_no_gt,42,0.05,0.01
-0.041852328926324844,0.124487966299057,0.16184955835342407,-0.521872878074646,0.521873414516449,0.5432011485099792,semi_supervised_mlp,42,0.05,0.01
-0.08117786049842834,0.14025935530662537,0.18577496707439423,-0.6188430786132812,0.6188430786132812,0.6464939117431641,pinn_log_predict_s0,42,0.05,0.01
-0.01151150744408369,0.12720642983913422,0.16362500190734863,-0.550449788570404,0.550449788570404,0.5737414360046387,pinn_log_rician_predict_s0,42,0.05,0.01
-0.09102337807416916,0.10473345220088959,0.13515906035900116,0.034158896654844284,0.06633663922548294,0.08186911046504974,cnn_supervised,42,0.05,0.01
0.2256060540676117,0.41659629344940186,0.492268830537796,0.029547739773988724,0.14811693131923676,0.18530334532260895,cnn_pinn_log,42,0.05,0.01
-0.028717337176203728,0.12195201963186264,0.15828029811382294,0.007664686534553766,0.07353242486715317,0.09207566827535629,supervised_mlp,42,0.05,0.03
0.038612622767686844,0.13799621164798737,0.17602188885211945,-0.36052531003952026,0.36230751872062683,0.3942941725254059,pinn_log_no_gt,42,0.05,0.03
0.03868246078491211,0.1386709064245224,0.17742235958576202,-0.3584027588367462,0.3600921332836151,0.3920026421546936,pinn_log_rician_no_gt,42,0.05,0.03
-0.009048529900610447,0.12191303074359894,0.1584130972623825,-0.32713618874549866,0.32874560356140137,0.35732361674308777,semi_supervised_mlp,42,0.05,0.03
-0.06621340662240982,0.15343374013900757,0.21157462894916534,-0.5009802579879761,0.5012319684028625,0.5375828742980957,pinn_log_predict_s0,42,0.05,0.03
0.0030632219277322292,0.15605394542217255,0.20326393842697144,-0.460315078496933,0.46074336767196655,0.49536052346229553,pinn_log_rician_predict_s0,42,0.05,0.03
-0.039512209594249725,0.07237305492162704,0.09573064744472504,0.012781444936990738,0.057317864149808884,0.07273386418819427,cnn_supervised,42,0.05,0.03
0.3094063699245453,0.3329177796840668,0.36654528975486755,-0.09441815316677094,0.11605507880449295,0.13700851798057556,cnn_pinn_log,42,0.05,0.03
-0.00540722394362092,0.11955845355987549,0.15504944324493408,-0.0017782846698537469,0.07317454367876053,0.09175434708595276,supervised_mlp,42,0.05,0.05
0.007434921804815531,0.1440359503030777,0.18564845621585846,-0.36808672547340393,0.36993280053138733,0.4041748344898224,pinn_log_no_gt,42,0.05,0.05
0.018091099336743355,0.15119273960590363,0.19109006226062775,-0.37015780806541443,0.3734259605407715,0.41247057914733887,pinn_log_rician_no_gt,42,0.05,0.05
0.042096562683582306,0.13036607205867767,0.16641439497470856,-0.1661483645439148,0.176021546125412,0.20180276036262512,semi_supervised_mlp,42,0.05,0.05
-0.05972953885793686,0.1661534309387207,0.22805920243263245,-0.3810727596282959,0.3838641345500946,0.4241052269935608,pinn_log_predict_s0,42,0.05,0.05
0.035718291997909546,0.16465118527412415,0.20741508901119232,-0.27842557430267334,0.28712743520736694,0.3243648111820221,pinn_log_rician_predict_s0,42,0.05,0.05
0.00615613954141736,0.06857361644506454,0.08901628851890564,0.0008161920122802258,0.05535835400223732,0.07082374393939972,cnn_supervised,42,0.05,0.05
0.32142314314842224,0.3554534316062927,0.3921484053134918,-0.08413131535053253,0.1061415821313858,0.12680664658546448,cnn_pinn_log,42,0.05,0.05
0.06121651083230972,0.13327480852603912,0.1670159101486206,-0.026272250339388847,0.07682506740093231,0.09652797877788544,supervised_mlp,42,0.05,0.08
0.14983545243740082,0.20261749625205994,0.23893362283706665,-0.11432819813489914,0.14973154664039612,0.17730318009853363,pinn_log_no_gt,42,0.05,0.08
0.10418205708265305,0.18613529205322266,0.22355373203754425,-0.16037388145923615,0.19567814469337463,0.23003333806991577,pinn_log_rician_no_gt,42,0.05,0.08
0.11604800075292587,0.16557855904102325,0.20251131057739258,-0.08797737210988998,0.12571823596954346,0.15185175836086273,semi_supervised_mlp,42,0.05,0.08
0.014187023043632507,0.18492460250854492,0.2359805405139923,-0.0967751294374466,0.16378331184387207,0.19624631106853485,pinn_log_predict_s0,42,0.05,0.08
0.0686013475060463,0.19263234734535217,0.23364408314228058,-0.09318018704652786,0.14845015108585358,0.17751047015190125,pinn_log_rician_predict_s0,42,0.05,0.08
0.10384663939476013,0.11639230698347092,0.141158327460289,-0.01896454393863678,0.058458030223846436,0.07438945025205612,cnn_supervised,42,0.05,0.08
0.42023542523384094,0.4513501226902008,0.5011733174324036,0.006359916180372238,0.06684146821498871,0.0845513567328453,cnn_pinn_log,42,0.05,0.08
-0.3262121081352234,0.40991508960723877,0.5339335799217224,-0.6546372175216675,0.6546372175216675,0.6808491349220276,mono_adc_as_d,42,0.08,none
0.25767287611961365,0.522689938545227,0.6645175218582153,-0.1719897985458374,0.34407857060432434,0.44486555457115173,poly_dki_fit,42,0.08,none
-0.0755717009305954,0.1958545297384262,0.25099146366119385,0.02840481884777546,0.09822136163711548,0.12253887206315994,supervised_mlp,42,0.08,0.01
-0.14845693111419678,0.21582628786563873,0.2813262939453125,-0.5990604758262634,0.5990604758262634,0.6238584518432617,pinn_log_no_gt,42,0.08,0.01
-0.14289948344230652,0.21289098262786865,0.27690359950065613,-0.5941551923751831,0.5941554307937622,0.6205347776412964,pinn_log_rician_no_gt,42,0.08,0.01
-0.10026825964450836,0.19629618525505066,0.2533848285675049,-0.5226333737373352,0.5226388573646545,0.544124186038971,semi_supervised_mlp,42,0.08,0.01
-0.14659106731414795,0.21470284461975098,0.2786415219306946,-0.6370362639427185,0.6370362639427185,0.6639753580093384,pinn_log_predict_s0,42,0.08,0.01
-0.04936521500349045,0.18944549560546875,0.24194905161857605,-0.5581351518630981,0.5581353306770325,0.5811796188354492,pinn_log_rician_predict_s0,42,0.08,0.01
-0.1830371618270874,0.18765054643154144,0.2278844714164734,0.0678459033370018,0.0900825634598732,0.1094517931342125,cnn_supervised,42,0.08,0.01
0.2715209722518921,0.43917033076286316,0.5137063264846802,0.0008021022658795118,0.14688564836978912,0.18352851271629333,cnn_pinn_log,42,0.08,0.01
-0.08363289386034012,0.18971896171569824,0.24592992663383484,0.025568241253495216,0.09401226043701172,0.11757665127515793,supervised_mlp,42,0.08,0.03
-0.050202760845422745,0.19248883426189423,0.24815966188907623,-0.36107137799263,0.36401835083961487,0.39607346057891846,pinn_log_no_gt,42,0.08,0.03
-0.04969186708331108,0.1918332427740097,0.24829475581645966,-0.35918065905570984,0.36209791898727417,0.3944075107574463,pinn_log_rician_no_gt,42,0.08,0.03
-0.0772755965590477,0.18746720254421234,0.24432246387004852,-0.3217370808124542,0.32480189204216003,0.35462844371795654,semi_supervised_mlp,42,0.08,0.03
-0.10863211005926132,0.20409579575061798,0.2697443962097168,-0.5204890966415405,0.5208413004875183,0.5558513402938843,pinn_log_predict_s0,42,0.08,0.03
-0.03415214270353317,0.19392740726470947,0.25114038586616516,-0.4761209487915039,0.47676536440849304,0.5102940797805786,pinn_log_rician_predict_s0,42,0.08,0.03
-0.1165538802742958,0.12866288423538208,0.16287001967430115,0.034278158098459244,0.06963782012462616,0.08614759147167206,cnn_supervised,42,0.08,0.03
0.2510514557361603,0.2958967089653015,0.33206361532211304,-0.03604165464639664,0.08187073469161987,0.10156332701444626,cnn_pinn_log,42,0.08,0.03
-0.06018393859267235,0.18280114233493805,0.23782242834568024,0.015165247023105621,0.09232553839683533,0.11555849760770798,supervised_mlp,42,0.08,0.05
-0.05035633221268654,0.1956406980752945,0.2501497268676758,-0.3776147663593292,0.38014286756515503,0.4132545590400696,pinn_log_no_gt,42,0.08,0.05
-0.06378751993179321,0.2073569893836975,0.2627723217010498,-0.38220733404159546,0.38633739948272705,0.4239688515663147,pinn_log_rician_no_gt,42,0.08,0.05
-0.028780942782759666,0.1817411631345749,0.23503132164478302,-0.14207904040813446,0.16257746517658234,0.19183319807052612,semi_supervised_mlp,42,0.08,0.05
-0.08891765773296356,0.2022494077682495,0.27109745144844055,-0.3977295756340027,0.4010664224624634,0.4394674301147461,pinn_log_predict_s0,42,0.08,0.05
-0.0012045275652781129,0.1935412585735321,0.2482636719942093,-0.2875097692012787,0.2971036732196808,0.3327357769012451,pinn_log_rician_predict_s0,42,0.08,0.05
-0.08515546470880508,0.1051354929804802,0.13280116021633148,0.026790553703904152,0.06476269662380219,0.08079700917005539,cnn_supervised,42,0.08,0.05
0.2666509449481964,0.3210207223892212,0.3621261715888977,-0.030211202800273895,0.07585465908050537,0.09464573860168457,cnn_pinn_log,42,0.08,0.05
0.013065758161246777,0.17724250257015228,0.22851420938968658,-0.011592341586947441,0.09129656106233597,0.11443309485912323,supervised_mlp,42,0.08,0.08
0.09685331583023071,0.21272721886634827,0.26288530230522156,-0.11162205785512924,0.15103201568126678,0.17954014241695404,pinn_log_no_gt,42,0.08,0.08
0.04938079044222832,0.20261485874652863,0.2536143362522125,-0.16822834312915802,0.20297499001026154,0.23631806671619415,pinn_log_rician_no_gt,42,0.08,0.08
0.046856410801410675,0.18887773156166077,0.23999163508415222,-0.05296061933040619,0.12334232032299042,0.15214216709136963,semi_supervised_mlp,42,0.08,0.08
-0.02280263788998127,0.20454779267311096,0.2684050500392914,-0.10520566999912262,0.1693372130393982,0.20195697247982025,pinn_log_predict_s0,42,0.08,0.08
0.0330827459692955,0.2065725177526474,0.26153135299682617,-0.09607087820768356,0.15216609835624695,0.18184053897857666,pinn_log_rician_predict_s0,42,0.08,0.08
9.659407078288496e-05,0.0760485827922821,0.0999215841293335,0.00013808639778289944,0.05896963179111481,0.07499805837869644,cnn_supervised,42,0.08,0.08
0.4122631549835205,0.4485592842102051,0.49587979912757874,0.029985643923282623,0.0728716254234314,0.0917653888463974,cnn_pinn_log,42,0.08,0.08
-0.011802651919424534,0.08471089601516724,0.13446997106075287,-0.6411045789718628,0.6411045789718628,0.6655468344688416,mono_adc_as_d,123,0.01,none
0.01577923633158207,0.13751192390918732,0.21028760075569153,-0.5336163640022278,0.5375692844390869,0.5823408961296082,poly_dki_fit,123,0.01,none
0.00013885060616303235,0.030662577599287033,0.040974605828523636,-0.0012808768078684807,0.05628874525427818,0.07142289727926254,supervised_mlp,123,0.01,0.01
0.012523208744823933,0.035856157541275024,0.05032958835363388,-0.5892737507820129,0.5892737507820129,0.6112764477729797,pinn_log_no_gt,123,0.01,0.01
0.015041579492390156,0.036365680396556854,0.05050353705883026,-0.587125301361084,0.587125301361084,0.6102050542831421,pinn_log_rician_no_gt,123,0.01,0.01
0.012954380363225937,0.03010953590273857,0.04001946374773979,-0.5331152081489563,0.5331156849861145,0.5522752404212952,semi_supervised_mlp,123,0.01,0.01
-0.010361293330788612,0.03533463552594185,0.05755157768726349,-0.6264356374740601,0.6264356374740601,0.6515807509422302,pinn_log_predict_s0,123,0.01,0.01
0.021057093515992165,0.047609008848667145,0.06453695893287659,-0.5792875289916992,0.5792875289916992,0.6015368103981018,pinn_log_rician_predict_s0,123,0.01,0.01
0.00031576844048686326,0.07590823620557785,0.10368433594703674,-0.003329260740429163,0.055144499987363815,0.07051181048154831,cnn_supervised,123,0.01,0.01
0.4177541732788086,0.42052310705184937,0.4396628737449646,-0.16204483807086945,0.1696120798587799,0.191935732960701,cnn_pinn_log,123,0.01,0.01
0.01654958538711071,0.03225696459412575,0.04267827048897743,-0.007470085285604,0.056210458278656006,0.0713229551911354,supervised_mlp,123,0.01,0.03
0.12918676435947418,0.1358635127544403,0.1484738290309906,-0.3747566342353821,0.3759782016277313,0.40447893738746643,pinn_log_no_gt,123,0.01,0.03
0.12669967114925385,0.1357341706752777,0.14848674833774567,-0.3727498948574066,0.37381336092948914,0.4006292521953583,pinn_log_rician_no_gt,123,0.01,0.03
0.06269845366477966,0.06594175100326538,0.07607836276292801,-0.3459000289440155,0.34734538197517395,0.3695860207080841,semi_supervised_mlp,123,0.01,0.03
0.03744177520275116,0.12927603721618652,0.1588118076324463,-0.42615002393722534,0.4268653988838196,0.4569094181060791,pinn_log_predict_s0,123,0.01,0.03
0.07454051077365875,0.15036630630493164,0.17446444928646088,-0.45028308033943176,0.4510509967803955,0.48456716537475586,pinn_log_rician_predict_s0,123,0.01,0.03
0.018352122977375984,0.06976474076509476,0.09406214952468872,-0.003129440825432539,0.05527110397815704,0.07062258571386337,cnn_supervised,123,0.01,0.03
0.44102877378463745,0.5197922587394714,0.6036142110824585,0.04184529930353165,0.13786780834197998,0.17469589412212372,cnn_pinn_log,123,0.01,0.03
0.04717235267162323,0.052957791835069656,0.06317360699176788,-0.020372353494167328,0.0587364137172699,0.0743306428194046,supervised_mlp,123,0.01,0.05
0.1397913545370102,0.16053897142410278,0.17559100687503815,-0.27924060821533203,0.28234732151031494,0.30787545442581177,pinn_log_no_gt,123,0.01,0.05
0.1202084869146347,0.14112026989459991,0.15595337748527527,-0.33592432737350464,0.33889055252075195,0.3710536062717438,pinn_log_rician_no_gt,123,0.01,0.05
0.12136794626712799,0.1256285458803177,0.1351221352815628,-0.18387924134731293,0.18896296620368958,0.21010126173496246,semi_supervised_mlp,123,0.01,0.05
0.06626153737306595,0.16096018254756927,0.18954496085643768,-0.2999151349067688,0.3092880845069885,0.35046958923339844,pinn_log_predict_s0,123,0.01,0.05
0.1320299357175827,0.1818244904279709,0.199838325381279,-0.2505614757537842,0.25622761249542236,0.2838307321071625,pinn_log_rician_predict_s0,123,0.01,0.05
0.047006458044052124,0.07429904490709305,0.09956943243741989,-0.017403945326805115,0.058536119759082794,0.0741446241736412,cnn_supervised,123,0.01,0.05
0.4934309422969818,0.5014653205871582,0.5323907732963562,-0.07706580311059952,0.09641312807798386,0.1163293793797493,cnn_pinn_log,123,0.01,0.05
0.09984951466321945,0.10743963718414307,0.11427663266658783,-0.04121231660246849,0.06695663183927536,0.0844968855381012,supervised_mlp,123,0.01,0.08
0.27585822343826294,0.2855759859085083,0.3008255958557129,-0.05887431651353836,0.09396133571863174,0.11482936143875122,pinn_log_no_gt,123,0.01,0.08
0.2138601690530777,0.23206590116024017,0.24675361812114716,-0.13007047772407532,0.1573629230260849,0.1850254386663437,pinn_log_rician_no_gt,123,0.01,0.08
0.1822482794523239,0.18738624453544617,0.19487841427326202,-0.1180710420012474,0.13262687623500824,0.15423759818077087,semi_supervised_mlp,123,0.01,0.08
0.0814938023686409,0.17760756611824036,0.20605097711086273,-0.10507667064666748,0.16248586773872375,0.19587337970733643,pinn_log_predict_s0,123,0.01,0.08
0.1271703839302063,0.2005128413438797,0.22464770078659058,-0.0883931890130043,0.1459597498178482,0.17639587819576263,pinn_log_rician_predict_s0,123,0.01,0.08
0.16936646401882172,0.17700348794460297,0.21393132209777832,-0.055569056421518326,0.08081670850515366,0.0992046520113945,cnn_supervised,123,0.01,0.08
0.39326339960098267,0.3998180329799652,0.4209013283252716,-0.032479964196681976,0.07514452189207077,0.09453244507312775,cnn_pinn_log,123,0.01,0.08
-0.09868577122688293,0.20491066575050354,0.2940159738063812,-0.6464172005653381,0.6464172005653381,0.6733226776123047,mono_adc_as_d,123,0.03,none
0.10993420332670212,0.31163689494132996,0.4215870499610901,-0.38902226090431213,0.4248719811439514,0.5103098750114441,poly_dki_fit,123,0.03,none
-0.013440083712339401,0.07785747945308685,0.10053969919681549,0.004877537954598665,0.0645955353975296,0.08124423772096634,supervised_mlp,123,0.03,0.01
-0.012624534778296947,0.07939573377370834,0.1051996499300003,-0.5920850038528442,0.5920850038528442,0.6165700554847717,pinn_log_no_gt,123,0.03,0.01
-0.009531212970614433,0.0778089165687561,0.10308283567428589,-0.590495765209198,0.590495765209198,0.6161404252052307,pinn_log_rician_no_gt,123,0.03,0.01
-0.00832272507250309,0.07363315671682358,0.09657115489244461,-0.5330721139907837,0.5330727100372314,0.5546565055847168,semi_supervised_mlp,123,0.03,0.01
-0.03850572556257248,0.08483779430389404,0.11779076606035233,-0.6316593885421753,0.6316593885421753,0.6593545079231262,pinn_log_predict_s0,123,0.03,0.01
0.0010825555073097348,0.0838613510131836,0.11150387674570084,-0.5820631384849548,0.5820631384849548,0.6068282127380371,pinn_log_rician_predict_s0,123,0.03,0.01
-0.019831515848636627,0.0794270783662796,0.10568594187498093,0.00492920633405447,0.05686964467167854,0.07228004187345505,cnn_supervised,123,0.03,0.01
0.39264291524887085,0.39554816484451294,0.4179966449737549,-0.14218896627426147,0.15376868844032288,0.1770358681678772,cnn_pinn_log,123,0.03,0.01
-0.003219482721760869,0.0733238011598587,0.0958344116806984,0.00010257669782731682,0.06341135501861572,0.079751156270504,supervised_mlp,123,0.03,0.03
0.0930815041065216,0.12370724231004715,0.1518707573413849,-0.3752860426902771,0.37723270058631897,0.40897536277770996,pinn_log_no_gt,123,0.03,0.03
0.09163150191307068,0.12560249865055084,0.1535731852054596,-0.3719082176685333,0.37364768981933594,0.4038407802581787,pinn_log_rician_no_gt,123,0.03,0.03
0.033166270703077316,0.08087809383869171,0.10448896139860153,-0.33970963954925537,0.34216055274009705,0.3677627742290497,semi_supervised_mlp,123,0.03,0.03
0.022881047800183296,0.1439017802476883,0.18622563779354095,-0.42886245250701904,0.4298892617225647,0.46313565969467163,pinn_log_predict_s0,123,0.03,0.03
0.053835395723581314,0.16034720838069916,0.1975671499967575,-0.4551212191581726,0.45615658164024353,0.492849737405777,pinn_log_rician_predict_s0,123,0.03,0.03
-0.0027166027575731277,0.06800497323274612,0.08953037112951279,-0.00026784438523463905,0.05559800937771797,0.07121211290359497,cnn_supervised,123,0.03,0.03
0.45304206013679504,0.5494952201843262,0.6270816326141357,0.03784940764307976,0.14058488607406616,0.17980007827281952,cnn_pinn_log,123,0.03,0.03
0.026778200641274452,0.07802411913871765,0.10075151920318604,-0.01273319125175476,0.06469960510730743,0.08145689219236374,supervised_mlp,123,0.03,0.05
0.11373253911733627,0.1559971272945404,0.18329346179962158,-0.27828046679496765,0.2831253111362457,0.3108416199684143,pinn_log_no_gt,123,0.03,0.05
0.08964903652667999,0.1373641937971115,0.1650814414024353,-0.3378004729747772,0.3423718810081482,0.3770757019519806,pinn_log_rician_no_gt,123,0.03,0.05
0.09205342084169388,0.11582827568054199,0.14188545942306519,-0.1761200726032257,0.18538258969783783,0.20871330797672272,semi_supervised_mlp,123,0.03,0.05
0.048701632767915726,0.1732548326253891,0.21380770206451416,-0.3050799071788788,0.31834834814071655,0.36021432280540466,pinn_log_predict_s0,123,0.03,0.05
0.11406920105218887,0.18780583143234253,0.21417132019996643,-0.24952074885368347,0.2583092749118805,0.28738173842430115,pinn_log_rician_predict_s0,123,0.03,0.05
0.02668614871799946,0.0675957053899765,0.0904679000377655,-0.011266236193478107,0.057198673486709595,0.07283566892147064,cnn_supervised,123,0.03,0.05
0.48051077127456665,0.49047842621803284,0.5249677896499634,-0.06426466256380081,0.08896172791719437,0.10919485241174698,cnn_pinn_log,123,0.03,0.05
0.08287154883146286,0.11279449611902237,0.1334936022758484,-0.034941114485263824,0.07127092778682709,0.08964627981185913,supervised_mlp,123,0.03,0.08
0.2525635063648224,0.2713749408721924,0.2965599298477173,-0.05252687633037567,0.09788863360881805,0.11969995498657227,pinn_log_no_gt,123,0.03,0.08
0.18917518854141235,0.22293531894683838,0.24661046266555786,-0.12876887619495392,0.1639726608991623,0.1908586174249649,pinn_log_rician_no_gt,123,0.03,0.08
0.15239718556404114,0.1694316565990448,0.19182927906513214,-0.10571055114269257,0.13094861805438995,0.15398970246315002,semi_supervised_mlp,123,0.03,0.08
0.0658223107457161,0.1896197348833084,0.2279069572687149,-0.10758271813392639,0.17324866354465485,0.20589296519756317,pinn_log_predict_s0,123,0.03,0.08
0.11316163837909698,0.2111925631761551,0.24170011281967163,-0.08996427804231644,0.15539318323135376,0.18547582626342773,pinn_log_rician_predict_s0,123,0.03,0.08
0.13808980584144592,0.14702609181404114,0.1806938201189041,-0.04455899819731712,0.07417203485965729,0.09098625928163528,cnn_supervised,123,0.03,0.08
0.37660953402519226,0.38386157155036926,0.4075010120868683,-0.024062804877758026,0.0755641907453537,0.09456463903188705,cnn_pinn_log,123,0.03,0.08
-0.29113656282424927,0.37631046772003174,0.4968983829021454,-0.584392249584198,0.584392249584198,0.6182146668434143,mono_adc_as_d,123,0.05,none
0.2541021704673767,0.46730703115463257,0.5948226451873779,-0.2020978033542633,0.3280419409275055,0.42483335733413696,poly_dki_fit,123,0.05,none
-0.04675909876823425,0.1390661597251892,0.17829228937625885,0.017473233863711357,0.07678217440843582,0.09580367058515549,supervised_mlp,123,0.05,0.01
-0.0714365541934967,0.14546917378902435,0.1890447437763214,-0.5329236388206482,0.5329236388206482,0.5643606185913086,pinn_log_no_gt,123,0.05,0.01
-0.06692609935998917,0.14224044978618622,0.18505859375,-0.5306199193000793,0.5306199193000793,0.5634595155715942,pinn_log_rician_no_gt,123,0.05,0.01
-0.05991973727941513,0.13787536323070526,0.179258793592453,-0.47825443744659424,0.4782558083534241,0.5066309571266174,semi_supervised_mlp,123,0.05,0.01
-0.11428271234035492,0.1630062460899353,0.21532779932022095,-0.5691925287246704,0.5691925287246704,0.6041467189788818,pinn_log_predict_s0,123,0.05,0.01
-0.054742857813835144,0.14358684420585632,0.18654628098011017,-0.5230655074119568,0.5230655074119568,0.5549067854881287,pinn_log_rician_predict_s0,123,0.05,0.01
-0.06728244572877884,0.10492061823606491,0.1358742117881775,0.02818145416676998,0.06309936940670013,0.07763436436653137,cnn_supervised,123,0.05,0.01
0.3122406005859375,0.3235836625099182,0.3579012453556061,-0.1302659809589386,0.13942667841911316,0.16062524914741516,cnn_pinn_log,123,0.05,0.01
-0.04983755201101303,0.1350262314081192,0.17526580393314362,0.017206745222210884,0.07522329688072205,0.09381408989429474,supervised_mlp,123,0.05,0.03
0.019790833815932274,0.14637184143066406,0.18685489892959595,-0.31641045212745667,0.32098475098609924,0.3629308342933655,pinn_log_no_gt,123,0.05,0.03
0.018185971304774284,0.14796361327171326,0.1886918693780899,-0.3133324384689331,0.3175370991230011,0.3578636348247528,pinn_log_rician_no_gt,123,0.05,0.03
-0.031587280333042145,0.13466665148735046,0.17563354969024658,-0.2820950448513031,0.2883475124835968,0.32341042160987854,semi_supervised_mlp,123,0.05,0.03
-0.06551005691289902,0.18627844750881195,0.24799010157585144,-0.36825188994407654,0.37037187814712524,0.4139983654022217,pinn_log_predict_s0,123,0.05,0.03
-0.04459991306066513,0.19072647392749786,0.251129150390625,-0.39193496108055115,0.39390942454338074,0.4413732886314392,pinn_log_rician_predict_s0,123,0.05,0.03
-0.04875839501619339,0.08669974654912949,0.1127438098192215,0.011034848168492317,0.05471983551979065,0.06950823962688446,cnn_supervised,123,0.05,0.03
0.2987843453884125,0.47454050183296204,0.5617032647132874,0.09687860310077667,0.17058679461479187,0.2132590115070343,cnn_pinn_log,123,0.05,0.03
-0.020716266706585884,0.130844384431839,0.1692836582660675,0.004549805074930191,0.07445963472127914,0.09298750758171082,supervised_mlp,123,0.05,0.05
0.05101810023188591,0.16682985424995422,0.20615331828594208,-0.22883839905261993,0.23969462513923645,0.27487820386886597,pinn_log_no_gt,123,0.05,0.05
0.024128813296556473,0.15698568522930145,0.19652259349822998,-0.279051810503006,0.28902214765548706,0.3331354856491089,pinn_log_rician_no_gt,123,0.05,0.05
0.03287895396351814,0.13965503871440887,0.17757076025009155,-0.13060656189918518,0.1548786461353302,0.18247391283512115,semi_supervised_mlp,123,0.05,0.05
-0.05515987426042557,0.20505540072917938,0.2701350748538971,-0.24129050970077515,0.2674405574798584,0.31702613830566406,pinn_log_predict_s0,123,0.05,0.05
0.023975802585482597,0.19236265122890472,0.23820377886295319,-0.1977960169315338,0.21712855994701385,0.2524474263191223,pinn_log_rician_predict_s0,123,0.05,0.05
-0.014916859567165375,0.07245969027280807,0.09582953155040741,0.0014738388126716018,0.05290507152676582,0.06792914867401123,cnn_supervised,123,0.05,0.05
0.38621070981025696,0.4119229018688202,0.46077850461006165,-0.04576554149389267,0.07772339135408401,0.09706190228462219,cnn_pinn_log,123,0.05,0.05
0.027505232021212578,0.1383211612701416,0.17415982484817505,-0.012825731188058853,0.0764763280749321,0.09560606628656387,supervised_mlp,123,0.05,0.08
0.18402139842510223,0.23991867899894714,0.28017929196357727,-0.014356083236634731,0.09885678440332413,0.12229202687740326,pinn_log_no_gt,123,0.05,0.08
0.10988370329141617,0.20352131128311157,0.24193932116031647,-0.07746151089668274,0.14538484811782837,0.17360767722129822,pinn_log_rician_no_gt,123,0.05,0.08
0.0835379958152771,0.1635546237230301,0.20090380311012268,-0.05447763577103615,0.11666270345449448,0.14150837063789368,semi_supervised_mlp,123,0.05,0.08
-0.039662521332502365,0.21294012665748596,0.2749057710170746,-0.04619400203227997,0.16204440593719482,0.19588980078697205,pinn_log_predict_s0,123,0.05,0.08
0.012348204851150513,0.21659709513187408,0.26756080985069275,-0.03319360688328743,0.1480685919523239,0.17946341633796692,pinn_log_rician_predict_s0,123,0.05,0.08
0.10973141342401505,0.12717005610466003,0.15656976401805878,-0.03766200691461563,0.06623847782611847,0.0816810205578804,cnn_supervised,123,0.05,0.08
0.30507493019104004,0.3251539170742035,0.35947465896606445,0.0049985554069280624,0.07838582992553711,0.09798244386911392,cnn_pinn_log,123,0.05,0.08
-0.39108163118362427,0.46370330452919006,0.5997307896614075,-0.6207371950149536,0.6207371950149536,0.6521018743515015,mono_adc_as_d,123,0.08,none
0.2789722979068756,0.5354980230331421,0.6764490008354187,-0.13110117614269257,0.33232417702674866,0.42824384570121765,poly_dki_fit,123,0.08,none
-0.08719342947006226,0.20942458510398865,0.26757264137268066,0.03315787762403488,0.1008196771144867,0.1257314682006836,supervised_mlp,123,0.08,0.01
-0.12885621190071106,0.21773459017276764,0.28041958808898926,-0.5604498386383057,0.5604498386383057,0.5897042751312256,pinn_log_no_gt,123,0.08,0.01
-0.12591449916362762,0.21415595710277557,0.27612069249153137,-0.5601722598075867,0.5601722598075867,0.5909188985824585,pinn_log_rician_no_gt,123,0.08,0.01
-0.11968068033456802,0.2110515981912613,0.2726898193359375,-0.49598583579063416,0.4959930181503296,0.5226179957389832,semi_supervised_mlp,123,0.08,0.01
-0.1789543479681015,0.23737184703350067,0.3076770305633545,-0.6054061055183411,0.6054061055183411,0.6377878189086914,pinn_log_predict_s0,123,0.08,0.01
-0.09757354110479355,0.2086002379655838,0.2678811252117157,-0.5504330396652222,0.5504331588745117,0.5801125764846802,pinn_log_rician_predict_s0,123,0.08,0.01
-0.14287728071212769,0.1607542335987091,0.20440633594989777,0.05475490540266037,0.08213313668966293,0.10017066448926926,cnn_supervised,123,0.08,0.01
0.23829084634780884,0.27014216780662537,0.30917850136756897,-0.07928524166345596,0.10061066597700119,0.12196186184883118,cnn_pinn_log,123,0.08,0.01
-0.1083717867732048,0.20620249211788177,0.266910195350647,0.03734617307782173,0.09822384268045425,0.1226813793182373,supervised_mlp,123,0.08,0.03
-0.06446660310029984,0.2024187296628952,0.2619165778160095,-0.33666345477104187,0.3423287272453308,0.3811250329017639,pinn_log_no_gt,123,0.08,0.03
-0.06061514467000961,0.20186340808868408,0.26065170764923096,-0.32967448234558105,0.3351500332355499,0.37267783284187317,pinn_log_rician_no_gt,123,0.08,0.03
-0.1111965999007225,0.20757560431957245,0.271736204624176,-0.2799718976020813,0.2887422740459442,0.32274380326271057,semi_supervised_mlp,123,0.08,0.03
-0.07789982110261917,0.21478310227394104,0.28302669525146484,-0.3960508406162262,0.3985418677330017,0.4384782612323761,pinn_log_predict_s0,123,0.08,0.03
-0.0719195008277893,0.2165767252445221,0.2866850197315216,-0.42715975642204285,0.42922282218933105,0.4723016917705536,pinn_log_rician_predict_s0,123,0.08,0.03
-0.1429247260093689,0.15400999784469604,0.19257748126983643,0.03148315101861954,0.0670914277434349,0.08312557637691498,cnn_supervised,123,0.08,0.03
0.39144471287727356,0.5263521075248718,0.6093105673789978,0.06009839475154877,0.15493425726890564,0.19722740352153778,cnn_pinn_log,123,0.08,0.03
-0.07873975485563278,0.19685563445091248,0.2554469108581543,0.023440320044755936,0.09568627178668976,0.11964152753353119,supervised_mlp,123,0.08,0.05
-0.003215099684894085,0.20805814862251282,0.2609245181083679,-0.2421618551015854,0.2537420392036438,0.2866036891937256,pinn_log_no_gt,123,0.08,0.05
-0.0424802228808403,0.20834073424339294,0.26287123560905457,-0.3037760257720947,0.31389179825782776,0.3540093004703522,pinn_log_rician_no_gt,123,0.08,0.05
-0.03831172734498978,0.19278350472450256,0.2488546073436737,-0.12209180742502213,0.15416190028190613,0.18302702903747559,semi_supervised_mlp,123,0.08,0.05
-0.07267360389232635,0.22333668172359467,0.29776903986930847,-0.2774801254272461,0.2990707457065582,0.344682902097702,pinn_log_predict_s0,123,0.08,0.05
0.0018445794703438878,0.2122473567724228,0.27031591534614563,-0.2113889455795288,0.23056809604167938,0.2637045383453369,pinn_log_rician_predict_s0,123,0.08,0.05
-0.10925373435020447,0.12566661834716797,0.15987147390842438,0.02902463637292385,0.06507527828216553,0.08081528544425964,cnn_supervised,123,0.08,0.05
0.36828097701072693,0.4008924663066864,0.4443204402923584,-0.012817285023629665,0.06967305392026901,0.0875362977385521,cnn_pinn_log,123,0.08,0.05
-0.016645783558487892,0.18665173649787903,0.2414431869983673,0.0009660460636951029,0.09265939891338348,0.11612920463085175,supervised_mlp,123,0.08,0.08
0.13965089619159698,0.24715590476989746,0.30116522312164307,-0.007798577193170786,0.10614345222711563,0.13262975215911865,pinn_log_no_gt,123,0.08,0.08
0.06485156714916229,0.21880322694778442,0.27095943689346313,-0.09014887362718582,0.15163969993591309,0.18060989677906036,pinn_log_rician_no_gt,123,0.08,0.08
0.01581949181854725,0.19470526278018951,0.24875378608703613,-0.03150099143385887,0.11999794095754623,0.14831186830997467,semi_supervised_mlp,123,0.08,0.08
-0.050612837076187134,0.2254338413476944,0.2964060306549072,-0.07345322519540787,0.16921919584274292,0.20308366417884827,pinn_log_predict_s0,123,0.08,0.08
0.00497248163446784,0.22709384560585022,0.28877586126327515,-0.05638789013028145,0.15270519256591797,0.18441759049892426,pinn_log_rician_predict_s0,123,0.08,0.08
-0.011196883395314217,0.08175492286682129,0.10690462589263916,0.0029327638912945986,0.057850174605846405,0.07360982149839401,cnn_supervised,123,0.08,0.08
0.26171112060546875,0.2934953272342682,0.32550933957099915,0.02021690644323826,0.08044848591089249,0.10202944278717041,cnn_pinn_log,123,0.08,0.08
-0.02640313282608986,0.09774903208017349,0.15824207663536072,-0.6197159886360168,0.6197159886360168,0.6536388397216797,mono_adc_as_d,514,0.01,none
0.035325419157743454,0.15608634054660797,0.24189715087413788,-0.5048691630363464,0.5153608918190002,0.5713248252868652,poly_dki_fit,514,0.01,none
0.0013002732302993536,0.029276441782712936,0.03934368118643761,6.0845864936709404e-05,0.055951379239559174,0.07103613764047623,supervised_mlp,514,0.01,0.01
0.01273744273930788,0.03561100736260414,0.04932831600308418,-0.5641327500343323,0.564132809638977,0.5986788272857666,pinn_log_no_gt,514,0.01,0.01
0.00938169751316309,0.03896258398890495,0.05564273148775101,-0.5618448257446289,0.5618448257446289,0.5947489738464355,pinn_log_rician_no_gt,514,0.01,0.01
0.009700040332973003,0.03506387025117874,0.04826628416776657,-0.5092324018478394,0.5092325806617737,0.5371865630149841,semi_supervised_mlp,514,0.01,0.01
0.0027690830174833536,0.052954353392124176,0.0782131552696228,-0.5585489869117737,0.5585489869117737,0.5900905132293701,pinn_log_predict_s0,514,0.01,0.01
-0.0008279389003291726,0.049983199685811996,0.0760275274515152,-0.5696914196014404,0.5696914196014404,0.6029353141784668,pinn_log_rician_predict_s0,514,0.01,0.01
0.0019073986914008856,0.058024123311042786,0.07595910131931305,-0.00017830186698120087,0.05252084881067276,0.06820135563611984,cnn_supervised,514,0.01,0.01
-0.010052668862044811,0.41254106163978577,0.5052016973495483,0.028326114639639854,0.1630597859621048,0.20338156819343567,cnn_pinn_log,514,0.01,0.01
0.011231133714318275,0.031575754284858704,0.042558904737234116,-0.0042506251484155655,0.055856749415397644,0.07093644887208939,supervised_mlp,514,0.01,0.03
0.1049850583076477,0.12125375121831894,0.13590265810489655,-0.3632407784461975,0.3673951327800751,0.40794721245765686,pinn_log_no_gt,514,0.01,0.03
0.10202166438102722,0.11967352777719498,0.13497745990753174,-0.36474403738975525,0.3694347143173218,0.4111972153186798,pinn_log_rician_no_gt,514,0.01,0.03
0.05925295501947403,0.06466381996870041,0.0734884962439537,-0.3311459422111511,0.33498653769493103,0.36628076434135437,semi_supervised_mlp,514,0.01,0.03
-0.001439430401660502,0.13501718640327454,0.18047724664211273,-0.45811381936073303,0.45913004875183105,0.5035962462425232,pinn_log_predict_s0,514,0.01,0.03
-0.016833962872624397,0.12134973704814911,0.17298907041549683,-0.46136367321014404,0.4625997543334961,0.5086256265640259,pinn_log_rician_predict_s0,514,0.01,0.03
0.022960074245929718,0.05977825075387955,0.08001359552145004,-0.008106833323836327,0.05331667885184288,0.06872129440307617,cnn_supervised,514,0.01,0.03
0.20361275970935822,0.46653980016708374,0.5407674312591553,-0.002031477866694331,0.1554817408323288,0.1904975026845932,cnn_pinn_log,514,0.01,0.03
0.03928498923778534,0.05006615072488785,0.05890963599085808,-0.014606569893658161,0.05700129643082619,0.0725412517786026,supervised_mlp,514,0.01,0.05
0.13129550218582153,0.16879022121429443,0.1871602088212967,-0.2478676587343216,0.25650840997695923,0.28691866993904114,pinn_log_no_gt,514,0.01,0.05
0.11364072561264038,0.16207683086395264,0.18143978714942932,-0.2816065847873688,0.29132747650146484,0.32672780752182007,pinn_log_rician_no_gt,514,0.01,0.05
0.0943002924323082,0.11360085755586624,0.12500712275505066,-0.1664252132177353,0.17763423919677734,0.20121948421001434,semi_supervised_mlp,514,0.01,0.05
-0.029820457100868225,0.14845125377178192,0.20360170304775238,-0.3095003664493561,0.3210694491863251,0.3650791645050049,pinn_log_predict_s0,514,0.01,0.05
-0.0013448463287204504,0.1740066409111023,0.22184792160987854,-0.3021945059299469,0.3141652047634125,0.3574686646461487,pinn_log_rician_predict_s0,514,0.01,0.05
0.0930827409029007,0.10489345341920853,0.13325250148773193,-0.02349833771586418,0.05804647132754326,0.07342926412820816,cnn_supervised,514,0.01,0.05
0.34103313088417053,0.37462547421455383,0.4127015173435211,-0.09689627587795258,0.11212922632694244,0.1343577355146408,cnn_pinn_log,514,0.01,0.05
0.0803806260228157,0.10313919931650162,0.11205019801855087,-0.03059331700205803,0.06788254529237747,0.08526799827814102,supervised_mlp,514,0.01,0.08
0.15062576532363892,0.20589737594127655,0.22332686185836792,-0.1485893428325653,0.19774286448955536,0.229203000664711,pinn_log_no_gt,514,0.01,0.08
0.12578219175338745,0.19730763137340546,0.2151821255683899,-0.13921713829040527,0.19060058891773224,0.22172360122203827,pinn_log_rician_no_gt,514,0.01,0.08
0.1629917174577713,0.1781921535730362,0.1884937733411789,-0.10672811418771744,0.1341584473848343,0.15599489212036133,semi_supervised_mlp,514,0.01,0.08
0.04484311863780022,0.2030179500579834,0.24041156470775604,-0.08959800750017166,0.1932879090309143,0.22852861881256104,pinn_log_predict_s0,514,0.01,0.08
-0.07115598767995834,0.1798298954963684,0.2562243342399597,-0.137461856007576,0.2077607363462448,0.24267764389514923,pinn_log_rician_predict_s0,514,0.01,0.08
0.1644117832183838,0.1698431819677353,0.19976812601089478,-0.04601394385099411,0.07092349976301193,0.08691936731338501,cnn_supervised,514,0.01,0.08
0.4018990397453308,0.43600350618362427,0.4755380153656006,-0.0013892760034650564,0.07891838997602463,0.09909182786941528,cnn_pinn_log,514,0.01,0.08
-0.10964267700910568,0.21503528952598572,0.30622848868370056,-0.6334148645401001,0.6334148645401001,0.661891520023346,mono_adc_as_d,514,0.03,none
0.12161849439144135,0.3225233256816864,0.4339398741722107,-0.37278440594673157,0.4129207134246826,0.4995369017124176,poly_dki_fit,514,0.03,none
-0.009825445711612701,0.07685065269470215,0.09950561821460724,0.0018593546701595187,0.06351056694984436,0.07993879914283752,supervised_mlp,514,0.03,0.01
-0.012591414153575897,0.07792044430971146,0.10356511920690536,-0.5767533183097839,0.5767533779144287,0.6058339476585388,pinn_log_no_gt,514,0.03,0.01
-0.01154352631419897,0.07854489237070084,0.10456699877977371,-0.5738672614097595,0.5738672614097595,0.6015441417694092,pinn_log_rician_no_gt,514,0.03,0.01
-0.006020308937877417,0.07703188061714172,0.10042308270931244,-0.5199084877967834,0.5199088454246521,0.5432194471359253,semi_supervised_mlp,514,0.03,0.01
-0.0018417828250676394,0.08433128893375397,0.1118520125746727,-0.5705119371414185,0.5705119371414185,0.5969462990760803,pinn_log_predict_s0,514,0.03,0.01
-0.009723161347210407,0.08155521005392075,0.11015496402978897,-0.5822405815124512,0.5822405815124512,0.6101416945457458,pinn_log_rician_predict_s0,514,0.03,0.01
-0.0262326467782259,0.0669197142124176,0.08963405340909958,0.007292324211448431,0.05558071285486221,0.07107483595609665,cnn_supervised,514,0.03,0.01
0.025589168071746826,0.376729816198349,0.4658689796924591,0.016801701858639717,0.14397914707660675,0.18214914202690125,cnn_pinn_log,514,0.03,0.01
-0.005405489820986986,0.07395938783884048,0.09696763008832932,-0.0005934560322202742,0.06255699694156647,0.07864028215408325,supervised_mlp,514,0.03,0.03
0.08599743247032166,0.11958768963813782,0.14814239740371704,-0.37349092960357666,0.3764885663986206,0.4113406836986542,pinn_log_no_gt,514,0.03,0.03
0.08361778408288956,0.11901005357503891,0.14754189550876617,-0.37530016899108887,0.3786279261112213,0.4145662486553192,pinn_log_rician_no_gt,514,0.03,0.03
0.03381684795022011,0.0820784941315651,0.10546219348907471,-0.334287166595459,0.33771178126335144,0.36545035243034363,semi_supervised_mlp,514,0.03,0.03
0.004320243373513222,0.12833397090435028,0.17473295331001282,-0.4715745151042938,0.4722895920276642,0.5097118616104126,pinn_log_predict_s0,514,0.03,0.03
-0.015582194551825523,0.1205112412571907,0.1711420714855194,-0.4754493832588196,0.47628751397132874,0.5149773955345154,pinn_log_rician_predict_s0,514,0.03,0.03
-0.013699066825211048,0.06101888790726662,0.0825064480304718,0.0020432383753359318,0.0546380877494812,0.07008767127990723,cnn_supervised,514,0.03,0.03
0.2380731701850891,0.4375343322753906,0.515587329864502,-0.010899025946855545,0.13877594470977783,0.17310380935668945,cnn_pinn_log,514,0.03,0.03
0.02509671077132225,0.07792522013187408,0.10021530091762543,-0.011635957285761833,0.06303948909044266,0.079454205930233,supervised_mlp,514,0.03,0.05
0.12873969972133636,0.16754502058029175,0.19539639353752136,-0.25534626841545105,0.2614213824272156,0.28850996494293213,pinn_log_no_gt,514,0.03,0.05
0.10823532938957214,0.15956589579582214,0.18821609020233154,-0.29015764594078064,0.29695507884025574,0.3282798230648041,pinn_log_rician_no_gt,514,0.03,0.05
0.08141161501407623,0.11442970484495163,0.14059032499790192,-0.16870498657226562,0.17794334888458252,0.20084983110427856,semi_supervised_mlp,514,0.03,0.05
-0.023611295968294144,0.140367329120636,0.1941734105348587,-0.3214968740940094,0.3289833068847656,0.368063360452652,pinn_log_predict_s0,514,0.03,0.05
0.010142557322978973,0.15899083018302917,0.20678932964801788,-0.3143656253814697,0.32205575704574585,0.36056408286094666,pinn_log_rician_predict_s0,514,0.03,0.05
0.054269157350063324,0.08178222924470901,0.10704201459884644,-0.014783983118832111,0.056371212005615234,0.0722002238035202,cnn_supervised,514,0.03,0.05
0.348294734954834,0.37387946248054504,0.4102098047733307,-0.0938500314950943,0.11040142923593521,0.13212326169013977,cnn_pinn_log,514,0.03,0.05
0.07304377108812332,0.1099400445818901,0.1315300166606903,-0.030664760619401932,0.07072311639785767,0.08897361904382706,supervised_mlp,514,0.03,0.08
0.15355512499809265,0.1999107450246811,0.2255629152059555,-0.158430278301239,0.19438683986663818,0.22644291818141937,pinn_log_no_gt,514,0.03,0.08
0.13142672181129456,0.18930909037590027,0.21492557227611542,-0.1491779237985611,0.18678691983222961,0.21870028972625732,pinn_log_rician_no_gt,514,0.03,0.08
0.1516818404197693,0.17167329788208008,0.19430392980575562,-0.10480184853076935,0.13064216077327728,0.1538316309452057,semi_supervised_mlp,514,0.03,0.08
0.052221376448869705,0.18663185834884644,0.22717565298080444,-0.10337329655885696,0.18297220766544342,0.2201623022556305,pinn_log_predict_s0,514,0.03,0.08
-0.05814908444881439,0.1639559268951416,0.23458734154701233,-0.14997169375419617,0.20161573588848114,0.2380804717540741,pinn_log_rician_predict_s0,514,0.03,0.08
0.13208813965320587,0.14274826645851135,0.17102889716625214,-0.03822286054491997,0.06649860739707947,0.08285299688577652,cnn_supervised,514,0.03,0.08
0.40909796953201294,0.4331326484680176,0.4690983295440674,0.0005028446903452277,0.07664109766483307,0.09712888300418854,cnn_pinn_log,514,0.03,0.08
-0.26334214210510254,0.35540011525154114,0.47589412331581116,-0.602580726146698,0.602580726146698,0.6354731917381287,mono_adc_as_d,514,0.05,none
0.2339896857738495,0.4541833698749542,0.5808589458465576,-0.22674888372421265,0.3425755500793457,0.44061756134033203,poly_dki_fit,514,0.05,none
-0.03926413506269455,0.13329634070396423,0.17178606986999512,0.01258653961122036,0.07585570961236954,0.09495609253644943,supervised_mlp,514,0.05,0.01
-0.07261469960212708,0.1412191092967987,0.18604005873203278,-0.5454789400100708,0.5454790592193604,0.5795488953590393,pinn_log_no_gt,514,0.05,0.01
-0.06841914355754852,0.13944396376609802,0.18325187265872955,-0.5425719022750854,0.542572021484375,0.5751706957817078,pinn_log_rician_no_gt,514,0.05,0.01
-0.048728033900260925,0.13347256183624268,0.17309704422950745,-0.49130937457084656,0.49131014943122864,0.5192576050758362,semi_supervised_mlp,514,0.05,0.01
-0.040749698877334595,0.13735568523406982,0.17785067856311798,-0.5401001572608948,0.5401001572608948,0.5712518692016602,pinn_log_predict_s0,514,0.05,0.01
-0.055755387991666794,0.13684411346912384,0.17975640296936035,-0.5513274669647217,0.5513274669647217,0.5840505361557007,pinn_log_rician_predict_s0,514,0.05,0.01
-0.06276753544807434,0.09023219347000122,0.11746260523796082,0.02043212205171585,0.05881490930914879,0.07365918904542923,cnn_supervised,514,0.05,0.01
-0.05889572948217392,0.4013540744781494,0.49419230222702026,0.036046382039785385,0.16061557829380035,0.19904206693172455,cnn_pinn_log,514,0.05,0.01
-0.04743605852127075,0.1303769052028656,0.17028458416461945,0.01392337866127491,0.07419752329587936,0.09271968901157379,supervised_mlp,514,0.05,0.03
0.02150975540280342,0.14170058071613312,0.18194422125816345,-0.3404504954814911,0.34542161226272583,0.38734573125839233,pinn_log_no_gt,514,0.05,0.03
0.01984545588493347,0.14199946820735931,0.1822327971458435,-0.3418254256248474,0.3473047614097595,0.3903237283229828,pinn_log_rician_no_gt,514,0.05,0.03
-0.023381909355521202,0.12972402572631836,0.16993461549282074,-0.2936839461326599,0.3010748624801636,0.33713454008102417,semi_supervised_mlp,514,0.05,0.03
-0.05214027315378189,0.16958989202976227,0.228519007563591,-0.4399605095386505,0.44075122475624084,0.4847489297389984,pinn_log_predict_s0,514,0.05,0.03
-0.07765484601259232,0.1709778606891632,0.2335449755191803,-0.4436803460121155,0.44460824131965637,0.48995575308799744,pinn_log_rician_predict_s0,514,0.05,0.03
-0.05580887198448181,0.0823834165930748,0.10788220167160034,0.017705591395497322,0.05736483633518219,0.0722588524222374,cnn_supervised,514,0.05,0.03
0.16052928566932678,0.4360153079032898,0.5127999782562256,0.009742362424731255,0.15295089781284332,0.18774233758449554,cnn_pinn_log,514,0.05,0.03
-0.01503701414912939,0.1256636679172516,0.16377979516983032,0.002323318272829056,0.07313801348209381,0.0916113331913948,supervised_mlp,514,0.05,0.05
0.07683918625116348,0.17210976779460907,0.21151690185070038,-0.22758175432682037,0.2382078915834427,0.27039098739624023,pinn_log_no_gt,514,0.05,0.05
0.04879693314433098,0.16832390427589417,0.20862223207950592,-0.25868308544158936,0.2704090178012848,0.3073076903820038,pinn_log_rician_no_gt,514,0.05,0.05
0.027226032689213753,0.13798093795776367,0.1764117032289505,-0.14042623341083527,0.1596403270959854,0.18627823889255524,semi_supervised_mlp,514,0.05,0.05
-0.08188357949256897,0.1849658042192459,0.2515310049057007,-0.2907786965370178,0.3025432229042053,0.3470779061317444,pinn_log_predict_s0,514,0.05,0.05
-0.04659226909279823,0.19121229648590088,0.2537428140640259,-0.28457242250442505,0.2966052293777466,0.34036070108413696,pinn_log_rician_predict_s0,514,0.05,0.05
0.010132530704140663,0.07038287818431854,0.09384895116090775,-0.002523688832297921,0.05343647301197052,0.06880319118499756,cnn_supervised,514,0.05,0.05
0.28737589716911316,0.32864469289779663,0.3670347332954407,-0.08084897696971893,0.10083308815956116,0.12304636836051941,cnn_pinn_log,514,0.05,0.05
0.029132956638932228,0.13598504662513733,0.17194893956184387,-0.013852178119122982,0.07734581083059311,0.09672108292579651,supervised_mlp,514,0.05,0.08
0.0962357223033905,0.1962549388408661,0.23578914999961853,-0.1274397075176239,0.18315434455871582,0.2154068946838379,pinn_log_no_gt,514,0.05,0.08
0.07715358585119247,0.1911233514547348,0.2308962345123291,-0.11946555227041245,0.17665457725524902,0.2085147649049759,pinn_log_rician_no_gt,514,0.05,0.08
0.09385805577039719,0.165838822722435,0.2034117877483368,-0.06823278963565826,0.12168693542480469,0.14684529602527618,semi_supervised_mlp,514,0.05,0.08
-0.016358757391572,0.20840482413768768,0.26711413264274597,-0.07199936360120773,0.18111580610275269,0.2167280912399292,pinn_log_predict_s0,514,0.05,0.08
-0.11891786754131317,0.2115005999803543,0.2944642901420593,-0.11801976710557938,0.19313111901283264,0.2287425547838211,pinn_log_rician_predict_s0,514,0.05,0.08
0.103465236723423,0.11959601193666458,0.1460261046886444,-0.02861645631492138,0.060627955943346024,0.07620862871408463,cnn_supervised,514,0.05,0.08
0.35149481892585754,0.387638658285141,0.42924612760543823,0.011736288666725159,0.07654478400945663,0.09617732465267181,cnn_pinn_log,514,0.05,0.08
-0.3371661901473999,0.41947057843208313,0.5432820916175842,-0.6456200480461121,0.6456200480461121,0.6716188192367554,mono_adc_as_d,514,0.08,none
0.26195356249809265,0.5264116525650024,0.6674566268920898,-0.1636895388364792,0.3371172845363617,0.435491144657135,poly_dki_fit,514,0.08,none
-0.07622697204351425,0.19946551322937012,0.2547509968280792,0.024876832962036133,0.09875330328941345,0.12352142482995987,supervised_mlp,514,0.08,0.01
-0.13546569645404816,0.21047306060791016,0.272503525018692,-0.5843836665153503,0.5843839645385742,0.6114674806594849,pinn_log_no_gt,514,0.08,0.01
-0.12715643644332886,0.20668213069438934,0.26715603470802307,-0.5784879922866821,0.5784883499145508,0.6044180393218994,pinn_log_rician_no_gt,514,0.08,0.01
-0.09457032382488251,0.19837099313735962,0.2546437382698059,-0.5184454321861267,0.5184474587440491,0.5407939553260803,semi_supervised_mlp,514,0.08,0.01
-0.0671435222029686,0.1950778365135193,0.24873271584510803,-0.574883222579956,0.5748832821846008,0.5995545387268066,pinn_log_predict_s0,514,0.08,0.01
-0.09282731264829636,0.19420892000198364,0.2500261962413788,-0.5890170931816101,0.5890171527862549,0.6149439811706543,pinn_log_rician_predict_s0,514,0.08,0.01
-0.13030965626239777,0.14309287071228027,0.18307839334011078,0.03966422751545906,0.07309653609991074,0.09019961208105087,cnn_supervised,514,0.08,0.01
0.046103231608867645,0.3620573580265045,0.44515305757522583,-0.013186289928853512,0.1449272334575653,0.17997314035892487,cnn_pinn_log,514,0.08,0.01
-0.09837322682142258,0.19578006863594055,0.25294551253318787,0.029312822967767715,0.09432371705770493,0.11816287040710449,supervised_mlp,514,0.08,0.03
-0.05002931132912636,0.19211681187152863,0.2470593899488449,-0.3696132302284241,0.3726625144481659,0.4072384536266327,pinn_log_no_gt,514,0.08,0.03
-0.05164405331015587,0.19324913620948792,0.24794802069664001,-0.37219300866127014,0.3754860758781433,0.4108661413192749,pinn_log_rician_no_gt,514,0.08,0.03
-0.09155775606632233,0.1938474327325821,0.25317278504371643,-0.2888801097869873,0.29682567715644836,0.3317595422267914,semi_supervised_mlp,514,0.08,0.03
-0.06509141623973846,0.19682437181472778,0.25561755895614624,-0.4825841784477234,0.4829676151275635,0.51747727394104,pinn_log_predict_s0,514,0.08,0.03
-0.10357265919446945,0.20620013773441315,0.26877501606941223,-0.48836639523506165,0.4887891113758087,0.5242108106613159,pinn_log_rician_predict_s0,514,0.08,0.03
-0.13332262635231018,0.14434361457824707,0.18367834389209747,0.04040338471531868,0.07405427098274231,0.09119681268930435,cnn_supervised,514,0.08,0.03
0.26969602704048157,0.44300976395606995,0.5148988962173462,-0.03143811970949173,0.14285112917423248,0.17573750019073486,cnn_pinn_log,514,0.08,0.03
-0.0633637011051178,0.18581272661685944,0.2413232922554016,0.016811266541481018,0.0921662300825119,0.11575083434581757,supervised_mlp,514,0.08,0.05
0.030177026987075806,0.20555107295513153,0.25652173161506653,-0.2420661747455597,0.2493918389081955,0.2785898447036743,pinn_log_no_gt,514,0.08,0.05
-0.007067106198519468,0.20553168654441833,0.25708529353141785,-0.27906015515327454,0.28668272495269775,0.31842732429504395,pinn_log_rician_no_gt,514,0.08,0.05
-0.027878962457180023,0.1852996051311493,0.23754259943962097,-0.1363934427499771,0.1567402184009552,0.18513092398643494,semi_supervised_mlp,514,0.08,0.05
-0.08093931525945663,0.20133982598781586,0.2659810185432434,-0.3272022008895874,0.333595335483551,0.37068286538124084,pinn_log_predict_s0,514,0.08,0.05
-0.03676450997591019,0.19779497385025024,0.2587369382381439,-0.3210924565792084,0.32761573791503906,0.364144504070282,pinn_log_rician_predict_s0,514,0.08,0.05
-0.09080645442008972,0.11019494384527206,0.1430409848690033,0.021078912541270256,0.06272006779909134,0.07878942042589188,cnn_supervised,514,0.08,0.05
0.2735111713409424,0.31028473377227783,0.3439308702945709,-0.06846068054437637,0.09387580305337906,0.11536688357591629,cnn_pinn_log,514,0.08,0.05
-0.003520109923556447,0.17718274891376495,0.22878901660442352,-0.006074036471545696,0.09040097147226334,0.11357736587524414,supervised_mlp,514,0.08,0.08
0.06800290942192078,0.20900923013687134,0.2594034671783447,-0.15402227640151978,0.1914118379354477,0.22251266241073608,pinn_log_no_gt,514,0.08,0.08
0.06231367960572243,0.20566967129707336,0.25536346435546875,-0.14693357050418854,0.1848011016845703,0.21570926904678345,pinn_log_rician_no_gt,514,0.08,0.08
0.041619278490543365,0.1885131448507309,0.23975330591201782,-0.050911907106637955,0.11889170110225677,0.14669188857078552,semi_supervised_mlp,514,0.08,0.08
-0.017341088503599167,0.20572985708713531,0.2679458558559418,-0.11550650000572205,0.18516461551189423,0.22043204307556152,pinn_log_predict_s0,514,0.08,0.08
-0.10276591032743454,0.21055640280246735,0.2858915627002716,-0.1556609719991684,0.20332467555999756,0.23782649636268616,pinn_log_rician_predict_s0,514,0.08,0.08
0.010141121223568916,0.0810505598783493,0.10652924329042435,0.0003720774839166552,0.05868104100227356,0.07481793314218521,cnn_supervised,514,0.08,0.08
0.3477919399738312,0.3742915689945221,0.4088464081287384,0.023028172552585602,0.07547441869974136,0.09561444818973541,cnn_pinn_log,514,0.08,0.08
